Subject,Course,Session,Year,Description,Primary Resources,Additional Resources
Literature,Introduction to Literary Studies,Session 1,2025,"Literary analysis, close reading techniques, and understanding genres","Yale University: Introduction to Theory of Literature (https://online.yale.edu/courses/introduction-theory-literature), University of Tübingen: Lecture Course: Introduction to Literary Studies (https://timms.uni-tuebingen.de/tp/UT_20230126_001_ws2223litstud_0001)","NPTEL: Introduction to Literary Theory (https://archive.nptel.ac.in/courses/109/104/109104135/), Harvard University: Masterpieces of World Literature (https://www.harvardonline.harvard.edu/course/masterpieces-world-literature)"
Literature,Survey of English Literature I,Session 2,2026,"Major works and authors from early periods to the 18th century","History of English Language and Literature (IIT Madras) (https://www.classcentral.com/course/swayam-history-of-english-language-and-literature-14108), American Passages: A Literary Survey (https://www.learner.org/series/american-passages-a-literary-survey/)","Introduction to Theory of Literature (Yale) (https://oyc.yale.edu/english/engl-300)"
Literature,Academic Writing and Composition,Session 3,2026,"Essay structure, argumentative writing, and rhetorical analysis","English Composition I (Duke University) (https://www.coursera.org/learn/english-composition), Academic English: Writing Specialization (UC Irvine) (https://www.coursera.org/specializations/academic-english)","Writing in English at University (Lund University) (https://www.coursera.org/learn/writing-english-university), Writing in the Sciences (Stanford University) (https://www.coursera.org/learn/writing-in-the-sciences), College Writing 101 (Udemy) (https://www.udemy.com/course/college-writing-success/)"
Literature,Survey of English Literature II,Session 4,2026,"Romanticism, Victorian literature, and early 20th-century works","","Resources to be determined"
Literature,World Literature,Session 9,2028,"Major works and themes from global literary traditions","","Resources to be determined"
Mathematics,Calculus I,Session 1,2025,"Limits, derivatives, applications of differentiation, and introduction to integrals","MIT OpenCourseWare: 18.01SC Single Variable Calculus (https://ocw.mit.edu/courses/18-01sc-single-variable-calculus-fall-2010/), Khan Academy: Calculus 1 (https://www.khanacademy.org/math/calculus-1)","Professor Leonard's Calculus 1 Full Lectures (https://www.youtube.com/playlist?list=PLF797E961509B4EB5), UNC Chapel Hill: Calculus 1 - Full College Course (https://www.youtube.com/watch?v=HfACrKJ_Y2w)"
Mathematics,Calculus II,Session 2,2026,"Integration techniques, applications of integrals, and infinite series","Professor Leonard's Calculus II Full Lectures (https://www.youtube.com/playlist?list=PLDesaqWTN6EQ2J4vgsN1HyBeRADEh4Cw-), Dr. Valerie Hower's Calculus II Full Lectures (https://www.youtube.com/playlist?list=PLpcwHaLYiaEWLlLEdH2gpK2J7gTAXzB5N)","University of Utah's MATH 1220: Calculus II (https://www.math.utah.edu/lectures/math1220.php), Calculus II Video Lectures by UMass Lowell (https://faculty.uml.edu/Jennifer_GonzalezZugasti/Calculus%20II%20Video%20Lectures/Calculus%20II%20Video%20Lectures.aspx)"
Mathematics,Linear Algebra,Session 3,2026,"Matrices, determinants, vector spaces, and eigenvalues","Dr. Trefor Bazett's Linear Algebra Full Course (https://www.youtube.com/playlist?list=PLHXZ9OQGMqxfUl0tcqPNTJsb7R6BqSLo6), Khan Academy: Linear Algebra (https://www.khanacademy.org/math/linear-algebra)","Gilbert Strang's Linear Algebra Lectures on YouTube (https://www.youtube.com/playlist?list=PL49CF3715CB9EF31D), MIT OpenCourseWare: 18.06 Linear Algebra (https://ocw.mit.edu/courses/18-06-linear-algebra-spring-2010/)"
Mathematics,Discrete Mathematics,Session 3,2026,"Logic, set theory, combinatorics, and graph theory","Discrete Math I by Kimberly Brehm (https://www.youtube.com/playlist?list=PLl-gb0E4MII28GykmtuBXNUNoej-vY5Rz), Discrete Math by Dr. Trefor Bazett (https://www.youtube.com/playlist?list=PLHXZ9OQGMqxersk8fUxiUMSIx0DBqsKZS)","Discrete Mathematics Full Course on YouTube (https://www.youtube.com/watch?v=UwYJUKVc-Hs), Mathematics for Computer Science (MIT OCW) (https://ocw.mit.edu/courses/6-042j-mathematics-for-computer-science-fall-2010/), Discrete Mathematics (Shanghai Jiao Tong University - Coursera) (https://www.coursera.org/learn/discrete-mathematics), Wolfram U: Introduction to Discrete Mathematics (https://www.wolfram.com/wolfram-u/courses/mathematics/introduction-to-discrete-mathematics/)"
Mathematics,Probability and Statistics,Session 4,2026,"Basic probability, statistical methods, and data analysis","MIT OpenCourseWare: Introduction to Probability and Statistics (https://ocw.mit.edu/courses/18-05-introduction-to-probability-and-statistics-spring-2022/), Stat 110: Probability (Harvard University) (https://www.youtube.com/playlist?list=PL2SOU6wwxB0uwwH80KTQ6ht66KWxbzTIo)","Introduction to Probability (Harvard edX) (https://pll.harvard.edu/course/introduction-probability-edx), MIT OpenCourseWare: Probabilistic Systems Analysis (https://ocw.mit.edu/courses/6-041-probabilistic-systems-analysis-and-applied-probability-fall-2010/video_galleries/video-lectures/), Wolfram U: Introduction to Probability (https://www.wolfram.com/wolfram-u/courses/mathematics/introduction-to-probability/)"
Mathematics,Introduction to Abstract Algebra,Session 4,2026,"Groups, rings, fields, and algebraic structures","Modern Algebra (MIT OpenCourseWare) (https://ocw.mit.edu/courses/18-703-modern-algebra-spring-2013/), Introduction to Abstract and Linear Algebra (NPTEL) (https://onlinecourses.nptel.ac.in/noc24_ma58/preview)","Introduction to Abstract Algebra: Group Theory (Udemy) (https://www.udemy.com/course/abstract-algebra-a-crash-course-in-group-theory/), Honors Abstract Algebra (Harvard University) (https://people.math.harvard.edu/~ctm/home/text/class/harvard/55a/08/html/home/course/course.pdf)"
Philosophy,Introduction to Philosophy,Session 7,2027,"Key philosophical questions and methods of inquiry","Introduction to Philosophy (University of Edinburgh) (https://www.coursera.org/learn/philosophy), General Philosophy (University of Oxford) (https://www.youtube.com/playlist?list=PLKuMaHOvHA4pl2k1JNikMzccot_Y_vlYm)","Introduction to Political Philosophy (Yale University) (https://oyc.yale.edu/political-science/plsc-114), Introduction to Philosophy: God, Knowledge and Consciousness (MITx) (https://mitxonline.mit.edu/courses/course-v1:MITxT+24.00x/)"
Philosophy,Ethics,Session 7,2027,"Moral theories, ethical dilemmas, and decision-making frameworks","","Resources to be determined"
Philosophy,Logic,Session 7,2027,"Propositional logic, argument analysis, and formal reasoning","","Resources to be determined"
Philosophy,History of Ancient Philosophy,Session 8,2028,"Pre-Socratic to Hellenistic philosophers","","Resources to be determined"
Philosophy,Political Philosophy,Session 8,2028,"Justice, liberty, and the role of the state","","Resources to be determined"
Philosophy,Philosophy of Mind,Session 8,2028,"Consciousness, identity, and the nature of thought","","Resources to be determined"
Physics,Classical Mechanics,Session 1,2025,"Newtonian mechanics, motion in one and two dimensions, energy, momentum, and rotational dynamics","MIT OpenCourseWare: 8.01SC Classical Mechanics (https://ocw.mit.edu/courses/8-01sc-classical-mechanics-fall-2016/), Yale Open Yale Courses: PHYS 200 - Fundamentals of Physics I (https://oyc.yale.edu/physics/phys-200)","Stanford: Classical Mechanics by Prof. Leonard Susskind (https://theoreticalminimum.com/courses/classical-mechanics/2011/fall)"
Physics,Electromagnetism,Session 2,2026,"Electric fields, magnetic fields, circuits, and Maxwell's equations","MIT OpenCourseWare: Physics II: Electricity and Magnetism (https://ocw.mit.edu/courses/8-02-physics-ii-electricity-and-magnetism-spring-2019/), Coursera: Introduction to Electricity and Magnetism Specialization (https://www.coursera.org/specializations/introduction-to-electricity-magnetism)","Dr. Andrew Mitchell's Electromagnetism Lecture Series (https://www.youtube.com/playlist?list=PLotxEOxVaaoLMvrDSSr_nsQDiKcVu8d7u)"
Physics,General Chemistry,Session 9,2028,"Atomic structure, chemical bonding, and reactions","","Resources to be determined"
Physics,Introduction to Computer Programming,Session 9,2028,"Programming basics, algorithms, and applications in physics","","Resources to be determined"
Sociology,Introduction to Sociology,Session 5,2027,"Key sociological theories, social structures, and cultural dynamics","Foundations of Modern Social Theory (Yale University) (https://oyc.yale.edu/sociology/socy-151/lecture-1), Introduction to Sociology (Alison) (https://alison.com/course/introduction-to-sociology)","Introduction to Sociology (NPTEL) (https://www.nptelvideos.com/course.php?id=634), Introduction to Sociology Lectures (YouTube Playlist) (https://www.youtube.com/playlist?list=PLtMRjzg3I_PURIs_sqg4Dj_CWeHcj0ydF)"
Sociology,Social Problems,Session 5,2027,"Contemporary societal issues such as inequality, crime, and health","Social Problems: Who Makes Them? (The Open University) (https://www.open.edu/openlearn/society-politics-law/sociology/social-problems-who-makes-them/content-section-0), Understanding and Solving Poverty and Inequality (FutureLearn) (https://www.futurelearn.com/courses/understanding-and-solving-social-problems)","Sociology: Social Issues and Change (Alison) (https://alison.com/course/sociology-social-issues-and-change), Solving Public Problems (NYU GovLab) (https://blog.thegovlab.org/post/this-free-online-class-will-teach-anyone-how-to-solve-societal-problems), Social Psychology (UC Berkeley) (https://freevideolectures.com/course/3591/social-psychology)"
Sociology,Research Methods in Sociology,Session 5,2027,"Quantitative and qualitative research, survey design, and data collection","Understanding Research Methods (SOAS University of London) (https://www.coursera.org/learn/research-methods), Qualitative Research Methods (University of Amsterdam) (https://www.coursera.org/learn/qualitative-methods)","Methods and Statistics in Social Sciences Specialization (University of Amsterdam) (https://www.coursera.org/specializations/social-science), Introduction to Social Research Methods (The University of Edinburgh) (https://www.edx.org/learn/research/the-university-of-edinburgh-introduction-to-social-research-methods)"
Sociology,Sociological Theory,Session 6,2027,"Classical and contemporary sociological theories","Foundations of Modern Social Theory (Yale University) (https://oyc.yale.edu/sociology/socy-151), Classical Sociological Theory (University of Amsterdam) (https://www.coursera.org/learn/classical-sociological-theory)","Sociological Theory (Yale University YouTube Playlist) (https://www.youtube.com/playlist?list=PL37FC9556148B7E1F)"
Sociology,Cultural Anthropology,Session 6,2027,"Human cultures, traditions, and practices across societies","ANTH101: Anthropology for Everyone (https://anth101.com/), Diploma in Cultural Anthropology (Alison) (https://alison.com/course/diploma-in-cultural-anthropology)","Introduction to Anthropology (MIT OpenCourseWare) (https://ocw.mit.edu/courses/21a-00-introduction-to-anthropology-spring-2022/)"
Sociology,Statistics for Social Sciences,Session 6,2027,"Data analysis and interpretation for social science research","Methods and Statistics in Social Sciences Specialization (University of Amsterdam) (https://www.coursera.org/specializations/social-science), Data Analysis for Social Scientists (MIT OpenCourseWare) (https://ocw.mit.edu/courses/14-310x-data-analysis-for-social-scientists-spring-2023/)","Basic Statistics (University of Amsterdam) (https://www.coursera.org/learn/basic-statistics), Statistics and Probability (Khan Academy) (https://www.khanacademy.org/math/statistics-probability)"